SCHOOL_CODE,SCHOOL_NAME_1,SCHOOL_NAME_2,ADDRESS,SCHOOL_ZIP,ZIP_PLUS_4,CITY,STATE_CD,PHONE_NUMBER,SCH_START_GRADE,SCH_TERM_GRADE,HPADDR,SCHOOL_LEVEL_NAME
"5026","EDISON HIGH BRIGHT FUTURES","EDISON HIGH BRIGHT FUTURES","151 W. LUZERNE ST.","19140",,"PHILADELPHIA","PA",,"PK","PK",,"EARLY CHILDHOOD"
"5332","HUNTER SCHOOL HEAD START","HUNTER SCHOOL HEAD START","144 W. DAUPHIN ST.","19133",,"PHILADELPHIA","PA",,"PK","PK",,"EARLY CHILDHOOD"
"1251","CATHARINE ANNEX HEAD START","CATHARINE ANNEX HEAD START","6900 GREENWAY AVE.","19142",,"PHILADELPHIA","PA","2157275780","PK","PK",,"EARLY CHILDHOOD"
"7294","FRANKFORD CENTER HEAD START","FRANKFORD CENTER HEAD START","1730 MEADOW ST.","19124",,"PHILADELPHIA","PA","2157442840","PK","PK",,"EARLY CHILDHOOD"
"5472","LITTLE PEOPLE KENS HEAD START","LITTLE PEOPLE KENS HEAD START","101 W. ALLEGHENY AVE.","19125",,"PHILADELPHIA","PA","2157390362","PK","PK",,"EARLY CHILDHOOD"
"5442","WILLARD ANNEX HEAD START","WILLARD ANNEX HEAD START","3070 FRANKFORD AVE.","19134",,"PHILADELPHIA","PA","2154237733","PK","PK",,"EARLY CHILDHOOD"
"6474","DE PAUL CENTER HEAD START","DE PAUL CENTER HEAD START","44 W. LOGAN ST.","19144",,"PHILADELPHIA","PA","2158420940","PK","PK",,"EARLY CHILDHOOD"
"4433","T.M. PEIRCE HEAD START","PEIRCE, T.M. HEAD START","2300 CAMBRIA ST.","19132",,"PHILADELPHIA","PA","2152264011","PK","PK",,"EARLY CHILDHOOD"
"7514","TRINIDAD HEAD START","TRINIDAD HEAD START","1038 W. SEDGLEY AVE.","19140",,"PHILADELPHIA","PA","2152235764","PK","PK",,"EARLY CHILDHOOD"
"4372","OVERBROOK ELEM HEAD START","OVERBROOK ELEM HEAD START","2032 N. 62ND ST.","19151",,"PHILADELPHIA","PA","2155815548","PK","PK",,"EARLY CHILDHOOD"
"4394","PRATT HEAD START","PRATT HEAD START","2200 N. 22ND ST.","19132",,"PHILADELPHIA","PA","2156841669","PK","PK",,"EARLY CHILDHOOD"
"3390","WEBSTER SCHOOL HEAD START","WEBSTER SCHOOL HEAD START","3400 FRANKFORD AVE.","19134",,"PHILADELPHIA","PA","2157444738","PK","PK",,"EARLY CHILDHOOD"
"0083","ECE BILINGUAL HEAD START","ECE BILINGUAL HEAD START","762 S. BROAD ST.","19146",,"PHILADELPHIA","PA",,"PK","PK",,"EARLY CHILDHOOD"
"4250","CLEVELAND SCHOOL HEAD START","CLEVELAND SCHOOL HEAD START","3701 N. 19TH ST.","19140",,"PHILADELPHIA","PA","2152283554","PK","PK",,"EARLY CHILDHOOD"
"4190","MITCHELL HEAD START","MITCHELL HEAD START","5500 KINGSESSING ST.","19143",,"PHILADELPHIA","PA","2157272938","PK","PK",,"EARLY CHILDHOOD"
"0084","CARING PEOPLE ALLIANCE- W. ECE","CARING PEOPLE ALLIANCE- W. ECE","3512 HAVERFORD AVE.","19104",,"PHILADELPHIA","PA",,"PK","PK",,"EARLY CHILDHOOD"
"7381","MC CLURE SCHOOL BRIGHT FUTURES","MC CLURE SCHOOL BRIGHT FUTURES","600 W. HUNTING PARK AVE.","19140",,"PHILADELPHIA","PA",,"PK","PK",,"EARLY CHILDHOOD"
"8251","FORREST SCHOOL BRIGHT FUTURES","FORREST SCHOOL BRIGHT FUTURES","7300 COTTAGE ST.","19136",,"PHILADELPHIA","PA",,"PK","PK",,"EARLY CHILDHOOD"
"1027","LEA SCHOOL HEAD START","LEA SCHOOL HEAD START","4700 LOCUST ST.","19139",,"PHILADELPHIA","PA","2154743080","PK","PK",,"EARLY CHILDHOOD"
"6202","ANNA B. DAY HEAD START","DAY, ANNA B. HEAD START","1200 E. JOHNSON ST.","19138",,"PHILADELPHIA","PA","2152766354","PK","PK",,"EARLY CHILDHOOD"
"2030","GLADING HEAD START","GLADING HEAD START","1267 E. CHELTENHAM AVE.","19124",,"PHILADELPHIA","PA",,"PK","PK",,"EARLY CHILDHOOD"
"1363","MCMICHAEL HEAD START","MCMICHAEL HEAD START","3543 FAIRMOUNT AVE.","19104",,"PHILADELPHIA","PA","2153826770","PK","PK",,"EARLY CHILDHOOD"
"1431","WILSON HEAD START","WILSON HEAD START","1300 S. 46TH ST.","19143",,"PHILADELPHIA","PA","2153822885","PK","PK",,"EARLY CHILDHOOD"
"6352","PENNYPACKER SCHOOL HEAD START","PENNYPACKER SCHOOL HEAD START","1858 E. WASHINGTON LN.","19138",,"PHILADELPHIA","PA",,"PK","PK",,"EARLY CHILDHOOD"
"7271","FINLETTER SCHOOL HEAD START","FINLETTER SCHOOL HEAD START","6100 N. FRONT ST.","19120",,"PHILADELPHIA","PA",,"PK","PK",,"EARLY CHILDHOOD"
"0085","SOUND START ECE","SOUND START ECE","2970 MARKET ST.","19104",,"PHILADELPHIA","PA",,"PK","PK",,"EARLY CHILDHOOD"
"1168","TURNER CENTER HEAD START","TURNER CENTER HEAD START","5900 BALTIMORE AVE.","19143",,"PHILADELPHIA","PA","2154721520","PK","PK",,"EARLY CHILDHOOD"
"1231","BRYANT HEAD START","BRYANT HEAD START","6001 CEDAR AVE.","19143",,"PHILADELPHIA","PA","2154747466","PK","PK",,"EARLY CHILDHOOD"
"1331","MASTERY @ HARRITY HEAD START","MASTERY @ HARRITY HEAD START","5601 CHRISTIAN ST.","19143",,"PHILADELPHIA","PA","2154721335","PK","PK",,"EARLY CHILDHOOD"
"4227","BLAINE HEAD START","BLAINE HEAD START","3001 W. BERKS ST.","19121",,"PHILADELPHIA","PA","2156845261","PK","PK",,"EARLY CHILDHOOD"
"5593","HILTON STREET HEAD START","HILTON STREET HEAD START","1813 E. HILTON ST.","19134",,"PHILADELPHIA","PA","2152915732","PK","PK",,"EARLY CHILDHOOD"
"1670","CEDAR GROVE HEAD START","CEDAR GROVE HEAD START","401-407 E. TABOR RD.","19120",,"PHILADELPHIA","PA","215","PK","PK",,"EARLY CHILDHOOD"
"2003","SOUTH PHILA HEAD START","SOUTH PHILA HEAD START","2101 S. BROAD ST.","19148",,"PHILADELPHIA","PA","2152713160","PK","PK",,"EARLY CHILDHOOD"
"2721","VARE, A. SCHOOL BRIGHT FUTURES","VARE, A. SCHOOL BRIGHT FUTURES","1621 E. MOYAMENSING AVE.","19148",,"PHILADELPHIA","PA",,"PK","PK",,"EARLY CHILDHOOD"
"2422","REYNOLDS HEAD START","REYNOLDS HEAD START","1429 N. 24TH ST.","19121",,"PHILADELPHIA","PA","2157630819","PK","PK",,"EARLY CHILDHOOD"
"2512","JACKSON HEAD START","JACKSON HEAD START","1213 S. 12TH ST.","19147",,"PHILADELPHIA","PA","2152712340","PK","PK",,"EARLY CHILDHOOD"
"2632","SHARSWOOD HEAD START","SHARSWOOD HEAD START","2300 S. 2ND ST.","19148",,"PHILADELPHIA","PA","2154671858","PK","PK",,"EARLY CHILDHOOD"
"2692","TAGGART HEAD START","TAGGART HEAD START","400 W. PORTER ST.","19148",,"PHILADELPHIA","PA",,"PK","PK",,"EARLY CHILDHOOD"
"2732","GEORGE WASHINGTON HEAD START","WASHINGTON, GEORGE-HEAD START","1198 S. 5TH ST.","19147",,"PHILADELPHIA","PA","2154672045","PK","PK",,"EARLY CHILDHOOD"
"2242","BREGY HEAD START","BREGY HEAD START","1700 BIGLER ST.","19145",,"PHILADELPHIA","PA","2154671956","PK","PK",,"EARLY CHILDHOOD"
"2392","MORRIS HEAD START","MORRIS HEAD START","2600 W. THOMPSON ST.","19121",,"PHILADELPHIA","PA","2152363142","PK","PK",,"EARLY CHILDHOOD"
"8272","HOLME HEAD START","HOLME HEAD START","9120 ACADEMY RD.","19114",,"PHILADELPHIA","PA","2156243760","PK","PK",,"EARLY CHILDHOOD"
"7832","PRINCE HALL HEAD START","PRINCE HALL HEAD START","GRATZ & GODFREY AVE","19141",,"PHILADELPHIA","PA","2159273544","PK","PK",,"EARLY CHILDHOOD"
"2492","WARING HEAD START","WARING HEAD START","1801 GREEN ST.","19130",,"PHILADELPHIA","PA","2156848943","PK","PK",,"EARLY CHILDHOOD"
"8831","FITZPATRICK BRIGHT FUTURES","FITZPATRICK BRIGHT FUTURES","KNIGHTS ROAD & CHALFONT DRIVE","19154",,"PHILADELPHIA","PA","2156327775","PK","PK",,"EARLY CHILDHOOD"
"8835","LOESCHE BRIGHT FUTURES","LOESCHE BRIGHT FUTURES","TOMLINSON AND BUSTLETON AVES.","19116",,"PHILADELPHIA","PA","2156771739","PK","PK",,"EARLY CHILDHOOD"
"517P","DEBURGOS HEAD START","DEBURGOS HEAD START","401 W. LEHIGH AVE.","19133",,"PHILADELPHIA","PA","2152915196","PK","PK",,"EARLY CHILDHOOD"
"272P","ABIGAIL VARE HEAD START","VARE, ABIGAIL HEAD START","1621 E. MOYAMENSING AVE.","19148",,"PHILADELPHIA","PA","2159526376","PK","PK",,"EARLY CHILDHOOD"
"128P","PENN/ALEXANDER HEAD START","PENN/ALEXANDER HEAD START","4243 SPRUCE ST.","19104",,"PHILADELPHIA","PA","2158235290","PK","PK",,"EARLY CHILDHOOD"
"8401","ANNE FRANK HEAD START","FRANK, ANNE HEAD START","2000 BOWLER ST.","19115",,"PHILADELPHIA","PA","2159612125","PK","PK",,"EARLY CHILDHOOD"
"2489","BROAD STREET HEAD START","BROAD STREET HEAD START","6233 N. BROAD ST.","19141",,"PHILADELPHIA","PA","2152762754","PK","PK",,"EARLY CHILDHOOD"
"7515","BETHUNE HEAD START","BETHUNE HEAD START","3301 OLD YORK RD.","19140",,"PHILADELPHIA","PA","2152274779","PK","PK",,"EARLY CHILDHOOD"
"4408","STANTON, M.H. HEAD START","STANTON, M.H. HEAD START","2539 N. 16TH ST.","19132",,"PHILADELPHIA","PA","2152291899","PK","PK",,"EARLY CHILDHOOD"
"4451","LESLIE P. HILL HEAD START","HILL, LESLIE P. HEAD START","3133 RIDGE AVE.","19131",,"PHILADELPHIA","PA","2156848940","PK","PK",,"EARLY CHILDHOOD"
"4463","DUCKREY HEAD START","DUCKREY HEAD START","1501 W. DIAMOND ST.","19121",,"PHILADELPHIA","PA","2159784758","PK","PK",,"EARLY CHILDHOOD"
"4513","YOUNG SCHOLARS-DOUGLASS HD ST","YOUNG SCHOLARS-DOUGLASS HD ST","2118 W. NORRIS ST.","19121",,"PHILADELPHIA","PA","2156848992","PK","PK",,"EARLY CHILDHOOD"
"4535","GIDEON HEAD START","GIDEON HEAD START","2817 W. GLENWOOD AVE.","19121",,"PHILADELPHIA","PA","2157630793","PK","PK",,"EARLY CHILDHOOD"
"4561","WILLIAM D. KELLEY HEAD START","KELLEY, WILLIAM D. HEAD START","1601 N. 28TH ST.","19121",,"PHILADELPHIA","PA","2157656363","PK","PK",,"EARLY CHILDHOOD"
"4572","MEADE HEAD START","MEADE HEAD START","1600 N. 18TH ST.","19121",,"PHILADELPHIA","PA","2152326137","PK","PK",,"EARLY CHILDHOOD"
"4272","WILLIAM DICK HEAD START","DICK, WILLIAM HEAD START","2498 W. DIAMOND ST.","19121",,"PHILADELPHIA","PA","2152367145","PK","PK",,"EARLY CHILDHOOD"
"4309","HESTON HEAD START","HESTON HEAD START","1621 N. 54TH ST.","19131",,"PHILADELPHIA","PA","2154730840","PK","PK",,"EARLY CHILDHOOD"
"4341","MASTERY-MANN HEAD START","MASTERY-MANN HEAD START","5376 W. BERKS ST.","19131",,"PHILADELPHIA","PA","2154734347","PK","PK",,"EARLY CHILDHOOD"
"4399","WRIGHT HEAD START","WRIGHT HEAD START","2700 W. DAUPHIN ST.","19132",,"PHILADELPHIA","PA","2152320651","PK","PK",,"EARLY CHILDHOOD"
"5323","HARTRANFT HEAD START","HARTRANFT HEAD START","2415 GERMANTOWN AVE.","19133",,"PHILADELPHIA","PA","2152352699","PK","PK",,"EARLY CHILDHOOD"
"5342","LUDLOW HEAD START","LUDLOW HEAD START","1402 N. 6TH ST.","19121",,"PHILADELPHIA","PA","2157651718","PK","PK",,"EARLY CHILDHOOD"
"5352","MCKINLEY HEAD START","MCKINLEY HEAD START","2101 N. ORKNEY ST.","19122",,"PHILADELPHIA","PA","2152914180","PK","PK",,"EARLY CHILDHOOD"
"5870","RIVERA CENTER HEAD START","RIVERA CENTER HEAD START","2603-2611 N. 5TH ST.","19133",,"PHILADELPHIA","PA","2154272046","PK","PK",,"EARLY CHILDHOOD"
"5228","CLYMER HEAD START","CLYMER HEAD START","1201 W. RUSH ST.","19133",,"PHILADELPHIA","PA","2152274436","PK","PK",,"EARLY CHILDHOOD"
"5293","FERGUSON HEAD START","FERGUSON HEAD START","2000 N. 7TH ST.","19124",,"PHILADELPHIA","PA","2156848941","PK","PK",,"EARLY CHILDHOOD"
"6241","GERMANTOWN HEAD START","GERMANTOWN HEAD START","40 E. HIGH ST.","19144",,"PHILADELPHIA","PA","2159514164","PK","PK",,"EARLY CHILDHOOD"
"6302","LOGAN SCHOOL ANNEX HEAD START","LOGAN SCHOOL ANNEX HEAD START","5210 N. BROAD ST.","19141",,"PHILADELPHIA","PA","2154553092","PK","PK",,"EARLY CHILDHOOD"
"2455","E.M. STANTON BRIGHT FUTURES","STANTON, E.M. BRIGHT FUTURES","1700 CHRISTIAN ST.","19146",,"PHILADELPHIA","PA","2158753185","PK","PK",,"EARLY CHILDHOOD"
"4445","ETHEL ALLEN BRIGHT FUTURES","ALLEN, DR ETHEL BRIGHT FUTURES","3200 W. LEHIGH AVE.","19132",,"PHILADELPHIA","PA","2152278686","PK","PK",,"EARLY CHILDHOOD"
"1465","ANDERSON BRIGHT FUTURES","ANDERSON BRIGHT FUTURES","1034 S. 60TH ST.","19143",,"PHILADELPHIA","PA","2154712742","PK","PK",,"EARLY CHILDHOOD"
"4435","WHITTIER SCHOOL BRIGHT FUTURES","WHITTIER SCHOOL BRIGHT FUTURES","3001 N. 27TH ST.","19132",,"PHILADELPHIA","PA","2152278641","PK","PK",,"EARLY CHILDHOOD"
"6324","MIFFLIN HEAD START","MIFFLIN HEAD START","3624 CONRAD ST.","19129",,"PHILADELPHIA","PA","2158433478","PK","PK",,"EARLY CHILDHOOD"
"1475","HAVERFORD CTR BRIGHT FUTURES","HAVERFORD CTR BRIGHT FUTURES","4601 HAVERFORD AVE.","19139",,"PHILADELPHIA","PA",,"PK","PK",,"EARLY CHILDHOOD"
"6285","KINSEY SCHOOL BRIGHT FUTURES","KINSEY SCHOOL BRIGHT FUTURES","6501 LIMEKILN PIKE","19138",,"PHILADELPHIA","PA","2152765732","PK","PK",,"EARLY CHILDHOOD"
"6315","MCCLOSKEY BRIGHT FUTURES","MCCLOSKEY BRIGHT FUTURES","8500 PICKERING ST.","19150",,"PHILADELPHIA","PA",,"PK","PK",,"EARLY CHILDHOOD"
"6843","EMLEN HEAD START","EMLEN HEAD START","6501 CHEW ST.","19119",,"PHILADELPHIA","PA","2159514185","PK","PK",,"EARLY CHILDHOOD"
"6866","SHAWMONT BRIGHT FUTURES","SHAWMONT BRIGHT FUTURES","535 SHAWMONT AVE.","19128",,"PHILADELPHIA","PA","2154825606","PK","PK",,"EARLY CHILDHOOD"
"2215","BACHE MARTIN BRIGHT FUTURES","BACHE MARTIN BRIGHT FUTURES","2201 BROWN ST.","19130",,"PHILADELPHIA","PA","2156845095","PK","PK",,"EARLY CHILDHOOD"
"2595","NEBINGER SCHOOL BRIGHT FUTURES","NEBINGER SCHOOL BRIGHT FUTURES","601 CARPENTER ST.","19147",,"PHILADELPHIA","PA",,"PK","PK",,"EARLY CHILDHOOD"
"6417","COOK-WISSAHICKON HEAD START","COOK-WISSAHICKON HEAD START","201 E. SALAIGNAC ST.","19128",,"PHILADELPHIA","PA","2154877584","PK","PK",,"EARLY CHILDHOOD"
"5507","THURGOOD MARSHALL HEAD START","MARSHALL, THURGOOD HEAD START","5120 N. 6TH ST.","19120",,"PHILADELPHIA","PA","2154560193","PK","PK",,"EARLY CHILDHOOD"
"1277","WALNUT CTR/DREW HEAD START","WALNUT CTR/DREW HEAD START","37TH ST. AND LANCASTER AVE.","19104",,"PHILADELPHIA","PA","2156620853","PK","PK",,"EARLY CHILDHOOD"
"7293","STEARNE HEAD START","STEARNE HEAD START","1655 UNITY ST.","19124",,"PHILADELPHIA","PA","2155372955","PK","PK",,"EARLY CHILDHOOD"
"7351","LOWELL BRIGHT FUTURES","LOWELL BRIGHT FUTURES","450 W. NEDRO AVE.","19120",,"PHILADELPHIA","PA","2152765693","PK","PK",,"EARLY CHILDHOOD"
"6341","PENNELL HEAD START","PENNELL HEAD START","1800 NEDRO AVE.","19141",,"PHILADELPHIA","PA","2159277144","PK","PK",,"EARLY CHILDHOOD"
"5252","DUNBAR HEAD START","DUNBAR HEAD START","1750 N. 12TH ST.","19122",,"PHILADELPHIA","PA","2156848942","PK","PK",,"EARLY CHILDHOOD"
"6211","F.S. EDMUNDS BRIGHT FUTURES","EDMONDS, F.S. BRIGHT FUTURES","8025 THOURON AVE.","19150",,"PHILADELPHIA","PA","2152765261","PK","PK",,"EARLY CHILDHOOD"
"5212","H.A. BROWN SCHOOL HEAD START","BROWN, H.A. SCHOOL HEAD START","1946 E. SERGEANT ST.","19125",,"PHILADELPHIA","PA","2152914717","PK","PK",,"EARLY CHILDHOOD"
"4407","BRIGHT BEGINNINGS HEAD START","BRIGHT BEGINNINGS HEAD START","2001 W. LEHIGH AVE.","19132",,"PHILADELPHIA","PA","2152272934","PK","PK",,"EARLY CHILDHOOD"
"6242","FULTON SCHOOL HEAD START","FULTON SCHOOL HEAD START","60 E. HAINES ST.","19144",,"PHILADELPHIA","PA",,,,,"EARLY CHILDHOOD"
"5283","FAIRHILL SCHOOL HEAD START","FAIRHILL SCHOOL HEAD START","601 W. SOMERSET ST.","19133",,"PHILADELPHIA","PA",,"PK","PK",,"EARLY CHILDHOOD"
"5398","POTTER THOMAS HEAD START","POTTER THOMAS HEAD START","3001 N. 6TH ST.","19133",,"PHILADELPHIA","PA","2152274423","PK","PK",,"EARLY CHILDHOOD"
"1590","SPIN-FRANKFORD HEAD START","SPIN-FRANKFORD HEAD START","1642 ORTHODOX STREET","19124",,"PHILADELPHIA","PA","2158313184","PK","PK",,"EARLY CHILDHOOD"
"1610","WOMEN'S CHRISTIAN HEAD START","WOMEN'S CHRISTIAN HEAD START","1722-42 CECIL B. MOORE AVENUE","19121",,"PHILADELPHIA","PA","2152362111","PK","PK",,"EARLY CHILDHOOD"
"1620","CHINATOWN LEARNING CENTER HS","CHINATOWN LEARNING CENTER HS","1034 SPRING ST.","19107",,"PHILADELPHIA","PA",,"PK","PK",,"EARLY CHILDHOOD"
"1630","FEL - PALEY HEAD START","FEL - PALEY HEAD START","2199 STRAHLE ST.","19152",,"PHILADELPHIA","PA","2156767550","PK","PK",,"EARLY CHILDHOOD"
"1680","KINDER ACADEMY - MAYFAIR HS","KINDER ACADEMY - MAYFAIR HS","6300 HARBISON AVE.","19149",,"PHILADELPHIA","PA","2156779656","PK","PK",,"EARLY CHILDHOOD"
"1820","METHODIST SVCS./EDUCARE HS","METHODIST SVCS./EDUCARE HS","4300 MONUMENT RD.","19131",,"PHILADELPHIA","PA","2158771925","PK","PK",,"EARLY CHILDHOOD"
"8352","SPRUANCE SCHOOL HEAD START","SPRUANCE SCHOOL HEAD START","6401 HORROCKS ST.","19149",,"PHILADELPHIA","PA",,"PK","PK",,"EARLY CHILDHOOD"
"2641","SOUTHWARK SCHOOL HEAD START","SOUTHWARK SCHOOL HEAD START","1835 S. 9TH ST.","19148",,"PHILADELPHIA","PA",,"PK","PK",,"EARLY CHILDHOOD"
"8342","SOLIS-COHEN SCHOOL HEAD START","SOLIS-COHEN SCHOOL HEAD START","7001 HORROCKS ST.","19149",,"PHILADELPHIA","PA",,"PK","PK",,"EARLY CHILDHOOD"
"2070","PORTERS DAY CARE HEAD START","PORTERS DAY CARE HEAD START","1434-38 BELFIELD AVENUE","19140",,"PHILADELPHIA","PA","2153292300","PK","PK",,"EARLY CHILDHOOD"
"2080","SETTLEMENT MUSIC HEAD START","SETTLEMENT MUSIC HEAD START","6128 GERMANTOWN AVE.","19144",,"PHILADELPHIA","PA","2153202600","PK","PK",,"EARLY CHILDHOOD"
"2170","TUNY HAVEN HEAD START","TUNY HAVEN HEAD START","111 S. INDEPENDENCE MALL EAST","19106",,"PHILADELPHIA","PA","2154409420","PK","PK",,"EARLY CHILDHOOD"
"2180","WOODLAND ACADEMY HEAD START","WOODLAND ACADEMY HEAD START","5401-09 GRAYS FERRY AVENUE","19143",,"PHILADELPHIA","PA","2157266646","PK","PK",,"EARLY CHILDHOOD"
"2250","APM HEAD START","APM HEAD START","2318 N. MARSHALL STREET","19133",,"PHILADELPHIA","PA","2157631040","PK","PK",,"EARLY CHILDHOOD"
"2280","ALGEN-FRANKLIN DAY NURSERY HS","ALGEN-FRANKLIN DAY NURSERY HS","719 JACKSON STREET","19148",,"PHILADELPHIA","PA","2153892991","PK","PK",,"EARLY CHILDHOOD"
"2560","COMMUNITY EDUC ALLIANCE HS","COMMUNITY EDUC ALLIANCE HS","907 N. 41ST STREET","19104",,"PHILADELPHIA","PA","2157901294","PK","PK",,"EARLY CHILDHOOD"
"2570","JUST CHILDREN-GRANT HS","JUST CHILDREN-GRANT HS","2901 GRANT AVENUE","19114",,"PHILADELPHIA","PA","2156771771","PK","PK",,"EARLY CHILDHOOD"
"2610","JUST CHILDREN-CONSHOHOCKEN HS","JUST CHILDREN-CONSHOHOCKEN HS","4723 CONSHOHOCKEN AVENUE","19131",,"PHILADELPHIA","PA","2154735757","PK","PK",,"EARLY CHILDHOOD"
"2700","KEN-CREST LEHIGH HEAD START","KEN-CREST LEHIGH HEAD START","2600 B STREET","19125",,"PHILADELPHIA","PA","2154271570","PK","PK",,"EARLY CHILDHOOD"
"2750","KEN-CREST NORTH HEAD START","KEN-CREST NORTH HEAD START","3907 N. BROAD STREET","19140",,"PHILADELPHIA","PA","2152270534","PK","PK",,"EARLY CHILDHOOD"
"0088","SPIN - DRUMMOND HEAD START","SPIN - DRUMMOND HEAD START","10521 DRUMMOND RD.","19154",,"PHILADELPHIA","PA",,"PK","PK",,"EARLY CHILDHOOD"
"2770","KEN-CREST SOUTH HEAD START","KEN-CREST SOUTH HEAD START","504 MORRIS STREET","19148",,"PHILADELPHIA","PA","2152718908","PK","PK",,"EARLY CHILDHOOD"
"2780","KEN-CREST WEST HEAD START","KEN-CREST WEST HEAD START","5900 ELMWOOD AVENUE","19143",,"PHILADELPHIA","PA","2157262310","PK","PK",,"EARLY CHILDHOOD"
"2790","KEN-CREST KENSINGTON HS","KEN-CREST KENSINGTON HS","H & ONTARIO STREETS","19134",,"PHILADELPHIA","PA","2157394547","PK","PK",,"EARLY CHILDHOOD"
"2121","E. VARE HEAD START","VARE, E. HEAD START","2100 S. 24TH ST.","19145",,"PHILADELPHIA","PA",,"PK","PK",,"EARLY CHILDHOOD"
"6392","STEEL SCHOOL HEAD START","STEEL SCHOOL HEAD START","4301 WAYNE AVE.","19140",,"PHILADELPHIA","PA",,"PK","PK",,"EARLY CHILDHOOD"
"1705","YOUNG WORLD HEAD START","YOUNG WORLD HEAD START","1737 FAIRMOUNT AVE.","19130",,"PHILADELPHIA","PA",,"PK","PK",,"EARLY CHILDHOOD"
"0089","CARING PEOPLE ALLIANCE-N. ECE","CARING PEOPLE ALLIANCE-N. ECE","1701 N. 18TH ST.","19122",,"PHILADELPHIA","PA",,,,,"EARLY CHILDHOOD"
"0091","SETTLEMENT-QUEEN HEAD START","SETTLEMENT-QUEEN HEAD START","416 QUEEN ST.","19147",,"PHILADELPHIA","PA",,,,,"EARLY CHILDHOOD"
"7218","BIRNEY HEAD START","BIRNEY HEAD START","908 W. LINDLEY AVE.","19141",,"PHILADELPHIA","PA","2154563000","PK","PK",,"EARLY CHILDHOOD"
"0092","CHILDSPACE HEAD START","CHILDSPACE HEAD START","7406 GERMANTOWN AVE.","19119",,"PHILADELPHIA","PA",,,,,"EARLY CHILDHOOD"
"0093","LITTLE PEOPLE'S VILLAGE ECE","LITTLE PEOPLE'S VILLAGE ECE","904 N. 66TH ST.","19151",,"PHILADELPHIA","PA",,,,,"EARLY CHILDHOOD"
"0094","YOUR CHILD'S WORLD ECE","YOUR CHILD'S WORLD ECE","7120 N. BROAD ST.","19126",,"PHILADELPHIA","PA",,,,,"EARLY CHILDHOOD"
"0095","LIGHTHOUSE SATELLITE HEADSTART","LIGHTHOUSE SATELLITE HEADSTART","141 W. SOMERSET ST.","19133",,"PHILADELPHIA","PA",,,,,"EARLY CHILDHOOD"
"1268","COMEGYS BRIGHT FUTURES","COMEGYS BRIGHT FUTURES","5100 GREENWAY AVE.","19143",,"PHILADELPHIA","PA","2157272162","PK","PK",,"EARLY CHILDHOOD"
"5871","LIGHTHOUSE HS","LIGHTHOUSE HS","152 W. LEHIGH AVE.","19133",,"PHILADELPHIA","PA","2154257800","PK","PK",,"EARLY CHILDHOOD"
"5872","NORRIS SQUARE CIVIC ASSOC HS","NORRIS SQUARE CIVIC ASSOC HS","2010 N. MASCHER ST.","19122",,"PHILADELPHIA","PA","2156342251","PK","PK",,"EARLY CHILDHOOD"
"1601","CARING CENTER HEAD START","CARING CENTER HEAD START","3101 SPRING GARDEN ST.","19104",,"PHILADELPHIA","PA","2153868245","PK","PK",,"EARLY CHILDHOOD"
"0011","A STEP AHEAD ECE","A STEP AHEAD ECE","7802 CASTOR AVE.","19152",,"PHILADELPHIA","PA",,"PK","PK",,"EARLY CHILDHOOD"
"0012","APM - LUZERNE ECE","APM - LUZERNE ECE","1116 LUZERNE ST.","19124",,"PHILADELPHIA","PA",,"PK","PK",,"EARLY CHILDHOOD"
"0013","BAMBI DAY CARE ECE","BAMBI DAY CARE ECE","500 RED LION RD.","19115",,"PHILADELPHIA","PA",,"PK","PK",,"EARLY CHILDHOOD"
"0015","CREATIVE CHILDREN'S ACDMY ECE","CREATIVE CHILDREN'S ACDMY ECE","311 S. 56TH ST.","19143",,"PHILADELPHIA","PA",,"PK","PK",,"EARLY CHILDHOOD"
"0017","YEP/DISCOVERY PLACE ECE","YEP/DISCOVERY PLACE ECE","2029 S. 7TH ST.","19148",,"PHILADELPHIA","PA",,"PK","PK",,"EARLY CHILDHOOD"
"0020","GRACE TRINITY ECE","GRACE TRINITY ECE","5200 OXFORD AVE.","19124",,"PHILADELPHIA","PA",,"PK","PK",,"EARLY CHILDHOOD"
"1402","PATTERSON HEAD START","PATTERSON HEAD START","7000 BUIST AVE.","19142",,"PHILADELPHIA","PA","2154926115","PK","PK",,"EARLY CHILDHOOD"
"1492","BLANKENBURG HEAD START","BLANKENBURG HEAD START","4600 W. GIRARD AVE.","19131",,"PHILADELPHIA","PA","2155815680","PK","PK",,"EARLY CHILDHOOD"
"7352","LOWELL HEAD START","LOWELL HEAD START","450 W. NEDRO AVE.","19120",,"PHILADELPHIA","PA","2152765718","PK","PK",,"EARLY CHILDHOOD"
"5689","MUNOZ-MARIN HEAD START","MUNOZ-MARIN HEAD START","3300 N. 3RD ST.","19140",,"PHILADELPHIA","PA","2152915017","PK","PK",,"EARLY CHILDHOOD"
"8014","LINCOLN HIGH BRIGHT FUTURES","LINCOLN HIGH BRIGHT FUTURES","3201 RYAN AVE.","19136",,"PHILADELPHIA","PA","2153356898","PK","PK",,"EARLY CHILDHOOD"
"5453","CARROLL HIGH SCHOOL HEAD START","CARROLL HIGH SCHOOL HEAD START","2700 E. AUBURN ST.","19134",,"PHILADELPHIA","PA","2152914707","PK","PK",,"EARLY CHILDHOOD"
"8838","DCS - WESTERN HS","DCS - WESTERN HS","1613 SOUTH ST.","19146",,"PHILADELPHIA","PA","2157351261","PK","PK",,"EARLY CHILDHOOD"
"0022","GREEN BYRNE ECE","GREEN BYRNE ECE","600 ARCH ST.","19106",,"PHILADELPHIA","PA",,"PK","PK",,"EARLY CHILDHOOD"
"0023","KEN-CREST NORTHEAST ECE","KEN-CREST NORTHEAST ECE","7200 RISING SUN AVE.","19111",,"PHILADELPHIA","PA",,"PK","PK",,"EARLY CHILDHOOD"
"0025","KINDER ACADEMY-RHAWNHURST ECE","KINDER ACADEMY-RHAWNHURST ECE","7922 BUSTLETON AVE.","19152",,"PHILADELPHIA","PA",,"PK","PK",,"EARLY CHILDHOOD"
"0026","KINDER ACADEMY - PARKWOOD ECE","KINDER ACADEMY - PARKWOOD ECE","3001 BYBERRY RD.","19154",,"PHILADELPHIA","PA",,"PK","PK",,"EARLY CHILDHOOD"
"0028","KOREAN COMM. - RISING SUN ECE","KOREAN COMM. - RISING SUN ECE","5224 RISING SUN AVE.","19120",,"PHILADELPHIA","PA",,"PK","PK",,"EARLY CHILDHOOD"
"0031","LITTLE FRIENDS ECE","LITTLE FRIENDS ECE","1727 NEDRO AVE.","19141",,"PHILADELPHIA","PA",,"PK","PK",,"EARLY CHILDHOOD"
"0033","MOLLY'S CHILD CARE ECE","MOLLY'S CHILD CARE ECE","1610 MCKEAN ST.","19145",,"PHILADELPHIA","PA",,"PK","PK",,"EARLY CHILDHOOD"
"8839","CHILDREN'S VILLAGE HEAD START","CHILDREN'S VILLAGE HEAD START","125 N. 8TH ST.","19106",,"PHILADELPHIA","PA","2159310190","PK","PK",,"EARLY CHILDHOOD"
"8586","RHAWNHURST BRIGHT FUTURES","RHAWNHURST BRIGHT FUTURES","7809 CASTOR AVE.","19152",,"PHILADELPHIA","PA","2157285002","PK","PK",,"EARLY CHILDHOOD"
"0034","MONTGOMERY - FAMILY 1ST ECE","MONTGOMERY - FAMILY 1ST ECE","3939 WARREN ST.","19104",,"PHILADELPHIA","PA",,"PK","PK",,"EARLY CHILDHOOD"
"0039","ST. STEPHENS ECE","ST. STEPHENS ECE","4201 PRINCETON AVE.","19135",,"PHILADELPHIA","PA",,"PK","PK",,"EARLY CHILDHOOD"
"0040","T.Y.L. II ECE","T.Y.L. II ECE","5124 WALNUT ST.","19139",,"PHILADELPHIA","PA",,"PK","PK",,"EARLY CHILDHOOD"
"0041","PARENT-INFANT CENTER ECE","PARENT-INFANT CENTER ECE","4205 SPRUCE ST.","19104",,"PHILADELPHIA","PA",,"PK","PK",,"EARLY CHILDHOOD"
"0042","TOTAL CHILDCARE/PRODIGY ECE","TOTAL CHILDCARE/PRODIGY ECE","3345 W. HUNTING PARK AVE.","19132",,"PHILADELPHIA","PA",,"PK","PK",,"EARLY CHILDHOOD"
"0043","UNIVERSAL INSTITUTE ECE","UNIVERSAL INSTITUTE ECE","801 S. 15TH ST.","19146",,"PHILADELPHIA","PA",,"PK","PK",,"EARLY CHILDHOOD"
"0044","LEADERSHIP LEARNING ECE","LEADERSHIP LEARNING ECE","910 N. 6TH ST.","19123",,"PHILADELPHIA","PA",,"PK","PK",,"EARLY CHILDHOOD"
"0045","WE CARE LEARNING CENTER ECE","WE CARE LEARNING CENTER ECE","1827 E. SOMERSET ST.","19134",,"PHILADELPHIA","PA",,"PK","PK",,"EARLY CHILDHOOD"
"0047","YMCA OF PHILA - NORTHEAST ECE","YMCA OF PHILA - NORTHEAST ECE","11088 KNIGHTS RD.","19154",,"PHILADELPHIA","PA",,"PK","PK",,"EARLY CHILDHOOD"
"0048","YMCA OF PHILA - ROXBOROUGH ECE","YMCA OF PHILA - ROXBOROUGH ECE","7219 RIDGE AVE.","19128",,"PHILADELPHIA","PA",,"PK","PK",,"EARLY CHILDHOOD"
"0053","ASPIRA ECE","ASPIRA ECE","6301 N. 2ND ST.","19120",,"PHILADELPHIA","PA",,"PK","PK",,"EARLY CHILDHOOD"
"0054","CHILDREN'S VILLAGE ECE","CHILDREN'S VILLAGE ECE","125 N. 8TH ST.","19106",,"PHILADELPHIA","PA",,"PK","PK",,"EARLY CHILDHOOD"
"0057","DCS - WESTERN ECE","DCS - WESTERN ECE","1613-21 SOUTH ST.","19146",,"PHILADELPHIA","PA",,"PK","PK",,"EARLY CHILDHOOD"
"0058","FEL - LASSIN ECE","FEL - LASSIN ECE","10800 JAMISON AVE.","19116",,"PHILADELPHIA","PA",,"PK","PK",,"EARLY CHILDHOOD"
"0059","FEL - PALEY ECE","FEL - PALEY ECE","2199 STRAHLE ST.","19152",,"PHILADELPHIA","PA",,"PK","PK",,"EARLY CHILDHOOD"
"8840","DCS - DIXON HS","DCS - DIXON HS","2201 MOORE ST.","19145",,"PHILADELPHIA","PA","2153342662","PK","PK",,"EARLY CHILDHOOD"
"0060","JUST CHILDREN - GRANT ECE","JUST CHILDREN - GRANT ECE","2901 GRANT AVE.","19114",,"PHILADELPHIA","PA",,"PK","PK",,"EARLY CHILDHOOD"
"0061","KEN-CREST - KENSINGTON ECE","KEN-CREST - KENSINGTON ECE","901 E. ONTARIO ST.","19134",,"PHILADELPHIA","PA",,"PK","PK",,"EARLY CHILDHOOD"
"0062","KEN-CREST - LEHIGH ECE","KEN-CREST - LEHIGH ECE","2600 B ST.","19125",,"PHILADELPHIA","PA",,"PK","PK",,"EARLY CHILDHOOD"
"0063","KEN-CREST - NORTH ECE","KEN-CREST - NORTH ECE","3907 N. BROAD ST.","19140",,"PHILADELPHIA","PA",,"PK","PK",,"EARLY CHILDHOOD"
"0064","KEN-CREST - SOUTH ECE","KEN-CREST - SOUTH ECE","504 MORRIS ST.","19148",,"PHILADELPHIA","PA",,"PK","PK",,"EARLY CHILDHOOD"
"0065","KEN-CREST - WEST ECE","KEN-CREST - WEST ECE","5900 ELMWOOD AVE.","19143",,"PHILADELPHIA","PA",,"PK","PK",,"EARLY CHILDHOOD"
"0066","KINDER ACADEMY - MAYFAIR ECE","KINDER ACADEMY - MAYFAIR ECE","6300 HARBISON AVE.","19149",,"PHILADELPHIA","PA",,"PK","PK",,"EARLY CHILDHOOD"
"0069","PORTERS DAY CARE ECE","PORTERS DAY CARE ECE","1434 BELFIELD AVE.","19140",,"PHILADELPHIA","PA",,"PK","PK",,"EARLY CHILDHOOD"
"0072","SPIN - DRUMMOND ECE","SPIN - DRUMMOND ECE","10521 DRUMMOND RD.","19154",,"PHILADELPHIA","PA",,"PK","PK",,"EARLY CHILDHOOD"
"0073","CARING CENTER ECE","CARING CENTER ECE","3101 SPRING GARDEN ST.","19104",,"PHILADELPHIA","PA",,"PK","PK",,"EARLY CHILDHOOD"
"0074","TUNY HAVEN ECE","TUNY HAVEN ECE","111 S. INDEPENDENCE MALL EAST","19106",,"PHILADELPHIA","PA",,"PK","PK",,"EARLY CHILDHOOD"
"0075","UNITED CEREBRAL PALSY ECE","UNITED CEREBRAL PALSY ECE","102 E. MERMAID LN.","19118",,"PHILADELPHIA","PA",,"PK","PK",,"EARLY CHILDHOOD"
"0076","WOODLAND ACADEMY ECE","WOODLAND ACADEMY ECE","5401 GRAYS FERRY AVE.","19143",,"PHILADELPHIA","PA",,"PK","PK",,"EARLY CHILDHOOD"
"0077","YOUNG WORLD EARLY LEARNING ECE","YOUNG WORLD EARLY LEARNING ECE","1737 FAIRMOUNT AVE.","19130",,"PHILADELPHIA","PA",,"PK","PK",,"EARLY CHILDHOOD"
"6438","WISTER BRIGHT FUTURES","WISTER BRIGHT FUTURES","67 E. BRINGHURST ST.","19144",,"PHILADELPHIA","PA","2159514003","PK","PK",,"EARLY CHILDHOOD"
"1353","LONGSTRETH HEAD START","LONGSTRETH HEAD START","5700 WILLOWS AVE.","19143",,"PHILADELPHIA","PA",,"PK","PK",,"EARLY CHILDHOOD"
"7313","FELTONVILLE HEAD START","FELTONVILLE HEAD START","4901 RISING SUN AVE.","19120",,"PHILADELPHIA","PA",,"PK","PK",,"EARLY CHILDHOOD"
"2261","CHILDS HEAD START","CHILDS HEAD START","1599 WHARTON ST.","19146",,"PHILADELPHIA","PA",,"PK","PK",,"EARLY CHILDHOOD"
"2581","KIRKBRIDE HEAD START","KIRKBRIDE HEAD START","1501 S. 7TH ST.","19147",,"PHILADELPHIA","PA",,"PK","PK",,"EARLY CHILDHOOD"
"1650","ASPIRA HEAD START","ASPIRA HEAD START","6301 N. 2ND ST.","19120",,"PHILADELPHIA","PA",,"PK","PK",,"EARLY CHILDHOOD"
"4263","CLEVELAND BRIGHT FUTURES","CLEVELAND BRIGHT FUTURES","3701 N. 19TH ST.","19140",,"PHILADELPHIA","PA",,"PK","PK",,"EARLY CHILDHOOD"
"1631","FEL - LASSIN HEAD START","FEL - LASSIN HEAD START","10800 JAMISON AVE.","19116",,"PHILADELPHIA","PA","2156777191","PK","PK",,"EARLY CHILDHOOD"
"0080","YMCA OF PHILA - NE ECE HALF","YMCA OF PHILA - NE ECE HALF","4150 WOODHAVEN RD.","19154",,"PHILADELPHIA","PA",,"PK","PK",,"EARLY CHILDHOOD"
"1201","JOHN BARRY HEAD START","BARRY, JOHN HEAD START","5900 RACE ST.","19139",,"PHILADELPHIA","PA",,"PK","PK",,"EARLY CHILDHOOD"
